{"cameraMode":{"drawMode":0,"name":"Shaded","section":"Shading Mode"},"sceneLighting":true,"audioPlay":false,"sceneViewState":{"m_AlwaysRefresh":false,"showFog":true,"showSkybox":true,"showFlares":true,"showImageEffects":true,"showParticleSystems":true,"showVisualEffectGraphs":true,"m_FxEnabled":true},"in2DMode":false,"pivot":{"x":-16.327903747558595,"y":-11.965045928955079,"z":9.479103088378907},"rotation":{"x":-0.20052030682563783,"y":0.4180563986301422,"z":-0.09514940530061722,"w":-0.8809113502502441},"size":22.155202865600587,"orthographic":false}